{"cameraMode":{"drawMode":0,"name":"Shaded","section":"Shading Mode"},"sceneLighting":false,"audioPlay":false,"sceneViewState":{"showFog":true,"showMaterialUpdate":false,"showSkybox":false,"showFlares":true,"showImageEffects":true,"showParticleSystems":true},"in2DMode":false,"pivot":{"x":8.363301277160645,"y":0.11560583114624024,"z":0.004189252853393555},"rotation":{"x":0.003621902083978057,"y":0.0006940585444681346,"z":0.0000272523957391968,"w":0.9999935626983643},"size":2.581061601638794,"orthographic":false}