{"cameraMode":{"drawMode":0,"name":"Shaded","section":"Shading Mode"},"sceneLighting":false,"audioPlay":false,"sceneViewState":{"showFog":true,"showMaterialUpdate":false,"showSkybox":false,"showFlares":true,"showImageEffects":true,"showParticleSystems":true},"in2DMode":false,"pivot":{"x":7.722088813781738,"y":6.58168888092041,"z":-0.7640008926391602},"rotation":{"x":0.003621902083978057,"y":0.0006940585444681346,"z":0.0000272523957391968,"w":0.9999935626983643},"size":1.2200183868408204,"orthographic":false}